gtin ,sku ,stock,(1) price before discount,(2) price after discount,collectionhours
4751043571381,000053-0017-XS,9,30.00,10.00,24
4751043571404,000053-0017-S,0,30.00,10.00,24
4751043572302,000055-0004-OneSize,0,13.00,5.00,24
4751043572326,000055-0008-OneSize,0,13.00,5.00,24
4751043572340,000056-0004-XS,0,35.00,17.50,72
4751043572364,000056-0004-S,0,35.00,17.50,72
4751043572388,000056-0004-M,0,35.00,17.50,72
4751043572401,000056-0004-L,0,35.00,17.50,72
4751043572425,000056-0004-XL,0,35.00,17.50,72
4751043572449,000056-0004-2XL,5,35.00,12.00,24
4751043572463,000056-0004-3XL,3,35.00,12.00,24
4751043572487,000056-0004-4XL,1,35.00,12.00,24
4751043572500,000056-0004-5XL,0,35.00,17.50,72
4751043572524,000056-0023-XS,0,35.00,12.00,48
4751043572548,000056-0023-S,0,35.00,12.00,48
4751043572562,000056-0023-M,0,35.00,17.50,72
4751043572586,000056-0023-L,0,35.00,17.50,72
4751043572609,000056-0023-XL,0,35.00,17.50,72
4751043572623,000056-0023-2XL,0,35.00,17.50,72
4751043572647,000056-0023-3XL,0,35.00,17.50,72
4751043572661,000056-0023-4XL,0,35.00,17.50,72
4751043572685,000056-0023-5XL,0,35.00,17.50,72
4751043572708,000056-0024-XS,0,35.00,17.50,72
4751043572722,000056-0024-S,0,35.00,17.50,72
4751043572746,000056-0024-M,0,35.00,17.50,72
4751043572760,000056-0024-L,0,35.00,17.50,72
4751043572784,000056-0024-XL,0,35.00,17.50,72
4751043572807,000056-0024-2XL,0,35.00,17.50,72
4751043572821,000056-0024-3XL,0,35.00,12.00,48
4751043572845,000056-0024-4XL,0,35.00,17.50,72
4751043572869,000056-0024-5XL,0,35.00,17.50,72
4751043573002,000057-0025-3XL,,39.00,19.90,72
4751043573064,000057-0007-XS,2,39.00,19.90,24
4751043573088,000057-0007-S,0,39.00,19.90,72
4751043573248,000057-0005-XS,2,39.00,19.90,24
4751043573521,000058-0024-2XL,3,25.00,20.00,72
4751043573705,000058-0004-2XL,5,25.00,20.00,24
4751043573781,000059-0006-XS,3,25.00,12.50,24
4751043573804,000059-0006-S,3,25.00,12.50,24
4751043573965,000059-0005-XS,3,25.00,12.50,24
4751043573989,000059-0005-S,2,25.00,12.50,24
4751043574146,000059-0022-XS,9,25.00,12.50,24
4751043574160,000059-0022-S,2,25.00,12.50,24
4751043574184,000059-0022-M,3,25.00,12.50,72
4751043574245,000059-0022-2XL,0,25.00,12.50,72
4751043574269,000059-0022-3XL,9,25.00,12.50,24
4751043574283,000059-0022-4XL,1,25.00,12.50,72
4751043574320,000060-0026-XS,5,25.00,14.50,24
4751043574344,000060-0026-S,5,25.00,14.50,24
4751043574429,000060-0026-2XL,6,25.00,14.50,24
4751043574443,000060-0026-3XL,2,25.00,14.50,24
4751043574467,000060-0026-4XL,0,25.00,14.50,72
4751043574504,000060-0025-XS,6,25.00,14.50,24
4751043574528,000060-0025-S,4,25.00,14.50,24
4751043574542,000060-0025-M,0,25.00,14.50,72
4751043574566,000060-0025-L,0,25.00,14.50,72
4751043574580,000060-0025-XL,0,25.00,14.50,72
4751043574603,000060-0025-2XL,5,25.00,14.50,24
4751043574627,000060-0025-3XL,9,25.00,14.50,24
4751043574641,000060-0025-4XL,0,25.00,14.50,72
4751043574689,000060-0024-XS,4,25.00,14.50,24
4751043574702,000060-0024-S,6,25.00,14.50,24
4751043574788,000060-0024-2XL,0,25.00,14.50,72
4751043574801,000060-0024-3XL,0,25.00,14.50,72
4751043574825,000060-0024-4XL,0,25.00,14.50,72
4751043574986,000061-0006-3XL,0,20.00,9.50,24
4751043575143,000061-0005-2XL,3,20.00,9.50,24
4751043575167,000061-0005-3XL,3,20.00,9.50,24
4751043576126,000064-0005-XS,3,31.00,15.50,24
4751043576140,000064-0005-S,0,31.00,15.50,72
4751043576164,000064-0005-M,0,31.00,15.50,24
4751043576188,000064-0005-L,0,31.00,15.50,72
4751043576201,000064-0005-XL,0,31.00,15.50,72
4751043576225,000064-0005-2XL,0,31.00,15.50,72
4751043576249,000064-0005-3XL,0,31.00,15.50,72
4751043576263,000064-0005-4XL,0,31.00,15.50,72
4751043576287,000064-0005-5XL,0,31.00,15.50,72
4751043576300,000064-0006-XS,3,31.00,15.50,24
4751043576324,000064-0006-S,0,31.00,15.50,72
4751043576348,000064-0006-M,0,31.00,15.50,24
4751043576362,000064-0006-L,0,31.00,15.50,72
4751043576386,000064-0006-XL,0,31.00,15.50,72
4751043576409,000064-0006-2XL,0,31.00,15.50,24
4751043576423,000064-0006-3XL,0,31.00,15.50,24
4751043576447,000064-0006-4XL,0,31.00,15.50,72
4751043576461,000064-0006-5XL,0,31.00,15.50,72
4751043576485,000065-0004-XS,2,25.00,14.95,24
4751043576508,000065-0004-S,0,25.00,14.95,72
4751043576522,000065-0004-M,0,25.00,14.95,72
4751043576546,000065-0004-L,0,25.00,14.95,72
4751043576560,000065-0004-XL,0,25.00,14.95,24
4751043576584,000065-0004-2XL,3,25.00,14.95,24
4751043576607,000065-0004-3XL,0,25.00,14.95,72
4751043576621,000065-0004-4XL,0,25.00,14.95,72
4751043576645,000065-0004-5XL,0,25.00,,72
4751043576669,000065-0006-XS,0,25.00,,72
4751043576683,000065-0006-S,0,25.00,14.95,72
4751043576706,000065-0006-M,0,25.00,14.95,72
4751043576720,000065-0006-L,0,25.00,14.95,72
4751043576744,000065-0006-XL,0,25.00,14.95,24
4751043576768,000065-0006-2XL,0,25.00,14.95,24
4751043576782,000065-0006-3XL,0,25.00,14.95,72
4751043576805,000065-0006-4XL,0,25.00,14.95,72
4751043576829,000065-0006-5XL,0,25.00,,72
4751043576843,000066-0006-XS,0,21.00,11.00,72
4751043576867,000066-0006-S,0,21.00,11.00,24
4751043576881,000066-0006-M,0,21.00,11.00,72
4751043576904,000066-0006-L,0,21.00,11.00,72
4751043576928,000066-0006-XL,0,21.00,11.00,24
4751043576942,000066-0006-2XL,0,21.00,11.00,72
4751043576966,000066-0006-3XL,0,21.00,11.00,72
4751043576980,000066-0006-4XL,0,21.00,11.00,72
4751043577000,000066-0006-5XL,0,21.00,11.00,72
4751043577024,000066-0004-XS,0,21.00,11.00,72
4751043577048,000066-0004-S,0,21.00,11.00,72
4751043577062,000066-0004-M,0,21.00,11.00,72
4751043577086,000066-0004-L,8,21.00,11.00,24
4751043577109,000066-0004-XL,0,21.00,11.00,72
4751043577123,000066-0004-2XL,7,21.00,11.00,24
4751043577147,000066-0004-3XL,0,21.00,11.00,24
4751043577161,000066-0004-4XL,0,21.00,16.80,72
4751043577185,000066-0004-5XL,0,21.00,16.80,72
4751043577208,000067-0024-XS,0,21.00,16.80,72
4751043577222,000067-0024-S,0,21.00,16.80,72
4751043577246,000067-0024-M,0,21.00,16.80,72
4751043577260,000067-0024-L,0,21.00,16.80,72
4751043577284,000067-0024-XL,0,21.00,16.80,72
4751043577307,000067-0024-2XL,0,21.00,16.80,72
4751043577321,000067-0024-3XL,0,21.00,16.80,72
4751043577345,000067-0024-4XL,0,21.00,16.80,72
4751043577369,000067-0024-5XL,0,21.00,16.80,72
4751043577383,000067-0006-XS,0,21.00,16.80,72
4751043577406,000067-0006-S,3,21.00,16.80,24
4751043577420,000067-0006-M,0,21.00,16.80,72
4751043577444,000067-0006-L,0,21.00,16.80,72
4751043577468,000067-0006-XL,6,21.00,16.80,24
4751043577482,000067-0006-2XL,5,21.00,16.80,24
4751043577505,000067-0006-3XL,0,21.00,16.80,72
4751043577529,000067-0006-4XL,0,21.00,16.80,72
4751043577543,000067-0006-5XL,0,21.00,16.80,72
4751043570757,000085-0002,0,35.00,,24
4751043570771,000085-0009,36,35.00,,24
4751043570795,000086-0002,0,41.00,,72
4751043570818,000086-0009,4,41.00,,24
4751043570832,000087-0003,8,30.00,24.99,24
4751043570856,000088-0003,19,25.00,12.50,24
4751043570870,000088-0006,20,25.00,12.50,24
4751043577741,000072-0029-XS,1,159.00,99.00,24
4751043577765,000072-0029-S,1,159.00,99.00,24
4751043577789,000072-0029-M,4,159.00,99.00,24
4751043577802,000072-0029-L,0,159.00,,24
4751043577826,000072-0029-XL,0,159.00,,24
4751043577840,000072-0029-2XL,0,159.00,,24
4751043577864,000072-0029-3XL,2,159.00,99.00,24
4751043577888,000072-0029-4XL,1,159.00,99.00,24
4751043577901,000072-0029-5XL,2,159.00,99.00,72
4751043577925,000072-0006-XS,1,149.00,80.00,72
4751043577949,000072-0006-S,2,149.00,80.00,72
4751043577963,000072-0006-M,3,149.00,80.00,72
4751043577987,000072-0006-L,2,149.00,80.00,72
4751043578007,000072-0006-XL,0,149.00,80.00,72
4751043578021,000072-0006-2XL,1,149.00,80.00,72
4751043578045,000072-0006-3XL,3,149.00,80.00,72
4751043578069,000072-0006-4XL,3,149.00,80.00,72
4751043578083,000072-0006-5XL,1,149.00,80.00,72
4751043578106,000072-0024-XS,0,149.00,80.00,72
4751043578120,000072-0024-S,1,149.00,80.00,72
4751043578144,000072-0024-M,1,149.00,80.00,24
4751043578168,000072-0024-L,0,149.00,80.00,72
4751043578182,000072-0024-XL,0,149.00,80.00,24
4751043578205,000072-0024-2XL,1,149.00,80.00,24
4751043578229,000072-0024-3XL,1,149.00,80.00,24
4751043578243,000072-0024-4XL,1,149.00,80.00,24
4751043578267,000072-0024-5XL,0,149.00,80.00,24
4751043578281,000073-0025-XS,0,229.00,169.80,72
4751043578304,000073-0025-S,0,229.00,169.80,72
4751043578328,000073-0025-M,0,229.00,169.80,72
4751043578342,000073-0025-L,0,229.00,169.80,72
4751043578366,000073-0025-XL,0,229.00,169.80,72
4751043578380,000073-0025-2XL,3,229.00,169.80,24
4751043578403,000073-0025-3XL,3,229.00,169.80,24
4751043578427,000073-0025-4XL,3,229.00,169.80,24
4751043578441,000073-0025-5XL,0,229.00,169.80,24
4751043578465,000084-0030-XS,2,249.00,79.00,72
4751043578489,000084-0030-S,4,249.00,79.00,72
4751043578502,000084-0030-M,0,249.00,199.80,72
4751043578526,000084-0030-L,0,249.00,199.80,72
4751043578540,000084-0030-XL,0,249.00,199.80,72
4751043578564,000084-0030-2XL,0,249.00,199.80,72
4751043578588,000084-0030-3XL,3,249.00,149.00,24
4751043578601,000084-0030-4XL,0,249.00,199.80,72
4751043578625,000084-0030-5XL,0,249.00,199.80,72
4751043570238,000077-0003-XS,0,49.00,19.50,24
4751043570252,000077-0003-S,3,49.00,19.50,24
4751043570276,000077-0003-M,0,49.00,25.00,24
4751043570290,000077-0003-L,3,49.00,19.50,24
4751043570313,000077-0003-XL,3,49.00,19.50,24
4751043570337,000077-0003-2XL,3,49.00,19.50,24
4751043570351,000077-0003-3XL,0,49.00,25.00,24
4751043570375,000077-0003-4XL,0,49.00,25.00,24
4751043570399,000077-0003-5XL,0,49.00,25.00,24
4751043577567,000071-0002-XS,3,49.00,,24
4751043577581,000071-0002-S,0,49.00,,24
4751043577604,000071-0002-M,0,49.00,,24
4751043577628,000071-0002-L,0,49.00,,24
4751043577642,000071-0002-XL,3,49.00,,24
4751043577666,000071-0002-2XL,0,49.00,,24
4751043577680,000071-0002-3XL,0,49.00,,72
4751043577703,000071-0002-4XL,0,49.00,,72
4751043577727,000071-0002-5XL,0,49.00,,72
4751043579684,000076-0023-XS,2,125.00,62.50,24
4751043579707,000076-0023-S,1,125.00,62.50,24
4751043579721,000076-0023-M,0,125.00,62.50,48
4751043579745,000076-0023-L,0,125.00,62.50,24
4751043579769,000076-0023-XL,0,125.00,62.50,48
4751043579783,000076-0023-2XL,1,125.00,62.50,24
4751043579806,000076-0023-3XL,3,125.00,62.50,24
4751043579820,000076-0023-4XL,1,125.00,62.50,24
4751043579844,000076-0023-5XL,2,125.00,62.50,24
4751043579868,000076-0025-XS,1,125.00,62.50,24
4751043579882,000076-0025-S,1,125.00,62.50,24
4751043579905,000076-0025-M,3,125.00,62.50,24
4751043579929,000076-0025-L,0,125.00,62.50,24
4751043579943,000076-0025-XL,4,125.00,62.50,24
4751043579967,000076-0025-2XL,3,125.00,62.50,24
4751043579981,000076-0025-3XL,0,125.00,62.50,48
4751043570016,000076-0025-4XL,1,125.00,62.50,24
4751043570030,000076-0025-5XL,1,125.00,62.50,24
4751043570054,000076-0003-XS,4,125.00,59.00,24
4751043570078,000076-0003-S,3,125.00,59.00,24
4751043570092,000076-0003-M,0,125.00,59.00,48
4751043570115,000076-0003-L,0,125.00,59.00,48
4751043570139,000076-0003-XL,0,125.00,59.00,24
4751043570153,000076-0003-2XL,0,125.00,59.00,24
4751043570177,000076-0003-3XL,3,125.00,59.00,24
4751043570191,000076-0003-4XL,3,125.00,59.00,24
4751043570214,000076-0003-5XL,0,125.00,59.00,48
4751043578649,000074-0003-XS,8,179.00,,24
4751043578663,000074-0003-S,7,179.00,,72
4751043578687,000074-0003-M,17,179.00,,72
4751043578700,000074-0003-LS,19,179.00,,72
4751043578724,000074-0003-L,26,179.00,,72
4751043578748,000074-0003-LL,28,179.00,,24
4751043578762,000074-0003-XLS,0,179.00,,24
4751043578786,000074-0003-XL,0,179.00,,72
4751043578809,000074-0003-XLL,25,179.00,,72
4751043578823,000074-0003-2XL,23,179.00,,72
4751043578847,000074-0003-3XL,6,179.00,,72
4751043578861,000074-0003-4XL,11,179.00,,72
4751043578885,000074-0003-5XL,7,179.00,,72
4751043571884,000102-0003-XS,2,289.00,229.8,24
4751043571907,000102-0003-S,4,289.00,229.8,24
4751043571921,000102-0003-M,3,289.00,229.8,24
4751043571945,000102-0003-L,6,289.00,229.8,24
4751043571969,000102-0003-XL,0,289.00,229.8,72
4751043571983,000102-0003-2XL,6,289.00,229.8,24
4751043572003,000102-0003-3XL,4,289.00,229.8,24
4751043572027,000102-0003-4XL,0,289.00,229.8,72
4751043572041,000102-0003-5XL,0,289.00,229.8,72
4751043572065,000102-0009-XS,0,160.00,149,48
4751043572089,000102-0009-S,2,160.00,149,24
4751043572102,000102-0009-M,4,160.00,149,24
4751043572126,000102-0009-L,3,160.00,149,24
4751043572140,000102-0009-XL,3,160.00,149,24
4751043572164,000102-0009-2XL,3,160.00,149,24
4751043572188,000102-0009-3XL,0,160.00,149,48
4751043572201,000102-0009-4XL,0,160.00,149,24
4751043572225,000102-0009-5XL,0,160.00,149,48
4751043571525,000103-0002-XS,1,329.00,229.8,72
4751043571549,000103-0002-S,6,329.00,229.8,72
4751043571563,000103-0002-M,3,329.00,229.8,72
4751043571587,000103-0002-L,0,329.00,229.8,72
4751043571600,000103-0002-XL,0,329.00,229.8,72
4751043571624,000103-0002-2XL,4,329.00,229.8,72
4751043571648,000103-0002-3XL,3,329.00,229.8,72
4751043571662,000103-0002-4XL,2,329.00,229.8,72
4751043571686,000103-0002-5XL,0,329.00,229.8,72
4751043571709,000103-0007-XS,2,329.00,229.8,24
4751043571723,000103-0007-S,2,329.00,229.8,24
4751043571747,000103-0007-M,2,329.00,229.8,24
4751043571761,000103-0007-L,0,329.00,229.8,72
4751043571785,000103-0007-XL,0,329.00,229.8,72
4751043571808,000103-0007-2XL,2,329.00,229.8,24
4751043571822,000103-0007-3XL,2,329.00,229.8,24
4751043571846,000103-0007-4XL,2,329.00,229.8,24
4751043571860,000103-0007-5XL,0,329.00,229.8,72
4751043572768,000105-0002-XS,5,89.00,,24
4751043572782,000105-0002-S,5,89.00,,24
4751043572805,000105-0002-M,5,89.00,,24
4751043572829,000105-0002-LS,0,89.00,,24
4751043572843,000105-0002-L,0,89.00,,24
4751043572867,000105-0002-LL,0,89.00,,24
4751043572881,000105-0002-XLS,5,89.00,,24
4751043572904,000105-0002-XL,0,89.00,,72
4751043572928,000105-0002-XLL,5,89.00,,24
4751043572942,000105-0002-2XL,0,89.00,,72
4751043572966,000105-0002-3XL,0,89.00,,72
4751043572980,000105-0002-4XL,0,89.00,,72
4751043573000,000105-0002-5XL,0,89.00,,24
4751043572180,000024-0004-L,0,22.00,,72
4751043572166,000024-0004-M,0,22.00,,72
4751043572203,000024-0004-XL,0,22.00,,72
4751043572241,000024-0008-L,0,22.00,,72
4751043572227,000024-0008-M,0,22.00,,72
4751043572265,000024-0008-XL,0,22.00,,72
4751043574617,000008-0008-XS,4,59,26,24
4751043574631,000008-0008-S,0,59,26,72
4751043574655,000008-0008-M,0,59,26,72
4751043574679,000008-0008-L,0,59,26,72
4751043574693,000008-0008-XL,0,59,26,72
4751043574716,000008-0008-2XL,0,59,26,72
4751043574730,000008-0008-3XL,0,59,26,72
4751043574754,000008-0008-4XL,0,59,26,72
4751043574691,000007-0008-M,0,79,59,72
4751043574684,000007-0008-L,0,79,59,72
4751043574714,000007-0008-XL,0,79,59,72
4751043574653,000007-0008-2XL,0,79,59,72
4751043574660,000007-0008-3XL,0,79,59,72
4751043574677,000007-0008-4XL,0,79,59,72
4751043571179,000009-0003-XS,0,59.00,,72
4751043574769,000009-0003-M,0,59,,72
4751043574752,000009-0003-L,0,59,,72
4751043574783,000009-0003-XL,1,59,24,72
4751043574721,000009-0003-2XL,1,59,24,72
4751043574738,000009-0003-3XL,4,59,24,72
4751043574745,000009-0003-4XL,0,59,,72
4751043577335,000021-0004-XS,2,39.00,19.8,24
4751043577359,000021-0004-S,1,39.00,19.8,24
4751043577373,000021-0004-M,0,39.00,19.8,72
4751043577397,000021-0004-L,0,39.00,19.8,72
4751043577410,000021-0004-XL,0,39.00,19.8,72
4751043577434,000021-0004-2XL,0,39.00,19.8,72
4751043577458,000021-0004-3XL,0,39.00,19.8,72
4751043577472,000021-0004-4XL,3,39.00,19.8,24
4751043577175,000020-0010-XS,1,39.00,19.8,24
4751043577199,000020-0010-S,1,39.00,19.8,24
4751043577212,000020-0010-M,0,39.00,19.8,72
4751043577236,000020-0010-L,0,39.00,19.8,72
4751043577250,000020-0010-XL,0,39.00,19.8,72
4751043577274,000020-0010-2XL,0,39.00,19.8,72
4751043577298,000020-0010-3XL,2,39.00,19.8,24
4751043577311,000020-0010-4XL,0,39.00,19.8,72
4751043577496,000022-0004-XS,0,45.00,29.8,72
4751043577519,000022-0004-S,0,45.00,29.8,72
4751043577533,000022-0004-M,0,45.00,,72
4751043577557,000022-0004-L,0,45.00,,72
4751043577571,000022-0004-XL,0,45.00,,72
4751043577595,000022-0004-2XL,0,45.00,29.8,72
4751043577618,000022-0004-3XL,3,45.00,29.8,24
4751043577632,000022-0004-4XL,0,45.00,29.8,72
4751043576857,000018-0006-XS,8,35,12,24
4751043576871,000018-0006-S,0,35,12,72
4751043577014,000019-0003-XS,2,35,12,24
4751043577038,000019-0003-S,0,35,12,72
4751043570495,000131-0037-XS,5,30,15,24
4751043570518,000131-0037-S,5,30,15,24
4751043570532,000131-0037-M,0,30,15,72
4751043570556,000131-0037-L,0,30,,72
4751043570570,000131-0037-XL,0,30,,72
4751043570594,000131-0037-2XL,0,30,,72
4751043570617,000131-0037-3XL,0,30,,72
4751043570631,000131-0037-4XL,0,30,,72
4751043570174,000131-0036-XS,5,30,15,24
4751043570198,000131-0036-S,5,30,15,24
4751043570211,000131-0036-M,0,30,,72
4751043570235,000131-0036-L,0,30,,72
4751043570259,000131-0036-XL,0,30,,72
4751043570273,000131-0036-2XL,0,30,,72
4751043570297,000131-0036-3XL,0,30,,72
4751043570310,000131-0036-4XL,0,30,,72
4751043570334,000131-0030-XS,14,30,15,24
4751043570358,000131-0030-S,7,30,15,24
4751043570372,000131-0030-M,0,30,0,72
4751043570396,000131-0030-L,0,30,,72
4751043570419,000131-0030-XL,0,30,,72
4751043570433,000131-0030-2XL,0,30,,72
4751043570457,000131-0030-3XL,0,30,,72
4751043570471,000131-0030-4XL,0,30,,72
4751043570655,000132-0036-XS,0,33,,72
4751043570679,000132-0036-S,0,33,,24
4751043570693,000132-0036-M,0,33,,72
4751043570716,000132-0036-L,0,33,,72
4751043570730,000132-0036-XL,0,33,,72
4751043570754,000132-0036-2XL,0,33,,72
4751043570778,000132-0036-3XL,0,33,,72
4751043570792,000132-0036-4XL,0,33,,72
4751043570815,000132-0030-XS,0,33,19.8,24
4751043570839,000132-0030-S,0,33,19.8,24
4751043570853,000132-0030-M,0,33,,72
4751043570877,000132-0030-L,0,33,,72
4751043570891,000132-0030-XL,0,33,,72
4751043570914,000132-0030-2XL,0,33,,72
4751043570938,000132-0030-3XL,0,33,,72
4751043570952,000132-0030-4XL,0,33,,72
4751043570976,000132-0037-XS,0,33,19.8,72
4751043570990,000132-0037-S,0,33,19.8,72
4751043571010,000132-0037-M,0,33,,72
4751043571034,000132-0037-L,0,33,,72
4751043571058,000132-0037-XL,0,33,,72
4751043571072,000132-0037-2XL,0,33,,72
4751043571096,000132-0037-3XL,0,33,,72
4751043571119,000132-0037-4XL,0,33,,72
4751043571195,000024-0038-M,22,25.9,15,72
4751043571256,000055-0029-OneSize,10,13,5,24
4751043571270,000055-0038-OneSize,20,13,5,24
4751043577656,000023-0003-XS,0,45,,72
4751043577731,000023-0003-XL,0,45,,72
4751043577755,000023-0003-2XL,5,45,22.5,24
4751043577779,000023-0003-3XL,4,45,22.5,24
4751043577793,000023-0003-4XL,8,45,22.5,24
4751043571112,000069-0002-S-M,0,22,9.8,72
4751043571136,000069-0002-L-XL,0,22,9.8,72
4751043571150,000069-0002-XL-3XL,16,22,9.8,24
4751043570931,000068-0002-S-M,0,22,,72
4751043570955,000068-0002-L-XL,0,22,,72
4751043570979,000068-0002-XL-3XL,0,22,,72
4751043570993,000068-0006-S-M,0,22,,72
4751043571013,000068-0006-L-XL,0,22,,72
4751043571037,000068-0006-XL-3XL,0,22,9.8,72
4751043571235,000070-0003-S-M,0,22,,72
4751043571259,000070-0003-L-XL,0,22,,72
4751043571273,000070-0003-XL-3XL,0,22,,72
4751043578883,000127-0002-XS,6,39,15.5,24
4751043578906,000127-0002-S,0,39,15.5,72
4751043578920,000127-0002-M,0,39,15.5,72
4751043578944,000127-0002-L,0,39,15.5,72
4751043578968,000127-0002-XL,0,39,15.5,72
4751043578982,000127-0002-2XL,0,39,15.5,72
4751043579002,000127-0002-3XL,0,39,15.5,72
4751043579026,000127-0002-4XL,0,39,15.5,72
4751043576483,000122-0002-XS,5,39,19.9,24
4751043576506,000122-0002-S,0,39,19.9,72
4751043576520,000122-0002-M,0,39,19.9,72
4751043576544,000122-0002-L,0,39,,72
4751043576568,000122-0002-XL,0,39,,72
4751043576582,000122-0002-2XL,0,39,19.9,72
4751043576605,000122-0002-3XL,0,39,19.9,72
4751043576629,000122-0002-4XL,0,39,19.9,72
4751043576322,000122-0022-XS,4,39,19.9,24
4751043576346,000122-0022-S,5,39,19.9,24
4751043576360,000122-0022-M,0,39,19.9,72
4751043576384,000122-0022-L,0,39,19.9,72
4751043576407,000122-0022-XL,0,39,19.9,72
4751043576421,000122-0022-2XL,0,39,19.9,72
4751043576445,000122-0022-3XL,0,39,19.9,72
4751043576469,000122-0022-4XL,0,39,19.9,24
4751043575264,000107-0004-2XL,3,69,49.8,24
4751043575288,000107-0004-3XL,3,69,49.8,24
4751043575301,000107-0004-4XL,3,69,49.8,24
4751043575226,000107-0004-L,3,69,49.8,24
4751043575202,000107-0004-M,3,69,49.8,24
4751043575189,000107-0004-S,3,69,49.8,24
4751043575240,000107-0004-XL,0,69,49.8,72
4751043575165,000107-0004-XS,0,69,49.8,72
4751043575424,000107-0022-2XL,3,69,49.8,24
4751043575448,000107-0022-3XL,3,69,49.8,24
4751043575462,000107-0022-4XL,0,69,49.8,72
4751043575387,000107-0022-L,0,69,49.8,72
4751043575363,000107-0022-M,3,69,49.8,24
4751043575349,000107-0022-S,3,69,49.8,24
4751043575400,000107-0022-XL,3,69,49.8,24
4751043575325,000107-0022-XS,3,69,49.8,24
4751043575585,000107-0039-2XL,0,69,49.8,72
4751043575608,000107-0039-3XL,3,69,49.8,24
4751043575622,000107-0039-4XL,0,69,49.8,72
4751043575547,000107-0039-L,0,69,49.8,72
4751043575523,000107-0039-M,3,69,49.8,24
4751043575509,000107-0039-S,0,69,49.8,72
4751043575561,000107-0039-XL,0,69,49.8,72
4751043575486,000107-0039-XS,3,69,49.8,24
4751043575103,000106-0039-2XL,0,89,69,72
4751043575127,000106-0039-3XL,9,89,69,24
4751043575141,000106-0039-4XL,4,89,69,24
4751043575066,000106-0039-L,0,89,69,72
4751043575042,000106-0039-M,0,89,69,72
4751043575028,000106-0039-S,0,89,69,72
4751043575080,000106-0039-XL,0,89,69,72
4751043575004,000106-0039-XS,6,89,69,24
4751043574786,000106-0004-2XL,6,89,69,72
4751043574809,000106-0004-3XL,3,89,69,72
4751043574823,000106-0004-4XL,2,89,69,72
4751043574748,000106-0004-L,0,89,69,72
4751043574724,000106-0004-M,1,89,69,72
4751043574700,000106-0004-S,2,89,69,72
4751043574762,000106-0004-XL,2,89,69,72
4751043574687,000106-0004-XS,2,89,69,72
4751043571553,000134-0002-2XL,0,84,40,72
4751043571577,000134-0002-3XL,2,84,40,24
4751043571591,000134-0002-4XL,2,84,40,24
4751043571515,000134-0002-L,0,84,40,72
4751043571492,000134-0002-M,0,84,40,72
4751043571478,000134-0002-S,0,84,40,72
4751043571539,000134-0002-XL,0,84,40,72
4751043571454,000134-0002-XS,2,84,40,24
4751043571713,000134-0027-2XL,0,84,40,24
4751043571737,000134-0027-3XL,1,84,40,24
4751043571751,000134-0027-4XL,0,84,40,24
4751043571676,000134-0027-L,0,84,40,72
4751043571652,000134-0027-M,0,84,40,72
4751043571638,000134-0027-S,0,84,40,24
4751043571690,000134-0027-XL,0,84,40,72
4751043571614,000134-0027-XS,1,84,40,24
4751043572833,000137-0002-2XL,3,55,29,24
4751043572857,000137-0002-3XL,3,55,29,24
4751043572871,000137-0002-4XL,3,55,29,24
4751043572796,000137-0002-L,3,55,29,24
4751043572772,000137-0002-M,3,55,29,24
4751043572758,000137-0002-S,3,55,29,24
4751043572819,000137-0002-XL,0,55,29,48
4751043572734,000137-0002-XS,3,55,29,24
4751043572512,000137-0003-2XL,0,55,29,48
4751043572536,000137-0003-3XL,0,55,29,24
4751043572550,000137-0003-4XL,0,55,29,24
4751043572475,000137-0003-L,0,55,29,48
4751043572451,000137-0003-M,0,55,29,48
4751043572437,000137-0003-S,0,55,29,24
4751043572499,000137-0003-XL,0,55,29,48
4751043572413,000137-0003-XS,3,55,29,24
4751043572673,000137-0022-2XL,0,55,29,48
4751043572697,000137-0022-3XL,0,55,29,24
4751043572710,000137-0022-4XL,0,55,29,24
4751043572635,000137-0022-L,0,55,29,48
4751043572611,000137-0022-M,3,55,29,24
4751043572598,000137-0022-S,3,55,29,24
4751043572659,000137-0022-XL,0,55,29,48
4751043572574,000137-0022-XS,3,55,29,24
4751043572994,000138-0003-2XL,11,59,19,24
4751043573014,000138-0003-3XL,8,59,19,24
4751043573038,000138-0003-4XL,4,59,19,24
4751043572956,000138-0003-L,1,59,19,24
4751043572932,000138-0003-M,0,59,19,48
4751043572918,000138-0003-S,0,59,19,48
4751043572970,000138-0003-XL,6,59,19,24
4751043572895,000138-0003-XS,0,59,19,48
4751043573151,000138-0022-2XL,11,59,19,24
4751043573175,000138-0022-3XL,5,59,19,24
4751043573199,000138-0022-4XL,5,59,19,24
4751043573113,000138-0022-L,0,59,19,24
4751043573090,000138-0022-M,0,59,19,48
4751043573076,000138-0022-S,0,59,19,48
4751043573137,000138-0022-XL,2,59,19,24
4751043573052,000138-0022-XS,0,59,19,48
4751043571995,000139-0002-2XL,0,99,69,72
4751043572008,000139-0002-3XL,2,99,69,24
4751043572015,000139-0002-4XL,0,99,69,72
4751043571971,000139-0002-L,0,99,69,72
4751043571964,000139-0002-M,2,99,69,24
4751043571957,000139-0002-S,0,99,69,72
4751043571988,000139-0002-XL,0,99,69,72
4751043571940,000139-0002-XS,2,99,69,24
4751043572077,000139-0003-2XL,0,99,69,72
4751043572084,000139-0003-3XL,2,99,69,24
4751043572091,000139-0003-4XL,0,99,69,72
4751043572053,000139-0003-L,2,99,69,24
4751043572046,000139-0003-M,2,99,69,24
4751043572039,000139-0003-S,2,99,69,24
4751043572060,000139-0003-XL,0,99,69,72
4751043572022,000139-0003-XS,2,99,69,24
4751043572152,000139-0022-2XL,2,99,69,24
4751043572169,000139-0022-3XL,0,99,69,72
4751043572176,000139-0022-4XL,0,99,69,72
4751043572138,000139-0022-L,1,99,69,24
4751043572121,000139-0022-M,2,99,69,24
4751043572114,000139-0022-S,2,99,69,24
4751043572145,000139-0022-XL,0,99,69,72
4751043572107,000139-0022-XS,2,99,69,24
4751043574189,000141-0003-L,0,19,9.8,72
4751043574172,000141-0003-M,0,19,9.8,72
4751043574196,000141-0003-XL,5,19,9.8,24
4751043575769,000116-0006,10,55,19.8,24
4751043575745,000115-0006,20,32,9.8,24
4751043575721,000114-0003,0,157,29.8,24
4751043575783,000117-0003,3,21,9.8,24
4751043571780,000135-0003-XS,3,159,99.8,72
4751043571797,000135-0003-S,1,159,99.8,72
4751043571803,000135-0003-M,3,159,99.8,72
4751043571810,000135-0003-L,3,159,99.8,72
4751043571827,000135-0003-XL,3,159,99.8,72
4751043571834,000135-0003-2XL,3,159,99.8,72
4751043571841,000135-0003-3XL,0,159,99.8,72
4751043571858,000135-0003-4XL,0,159,99.8,72
4751043571865,000135-0022-XS,3,159,99.8,24
4751043571872,000135-0022-S,3,159,99.8,24
4751043571889,000135-0022-M,3,159,99.8,24
4751043571896,000135-0022-L,3,159,99.8,24
4751043571902,000135-0022-XL,0,159,99.8,24
4751043571919,000135-0022-2XL,1,159,99.8,24
4751043571926,000135-0022-3XL,0,159,99.8,72
4751043571933,000135-0022-4XL,0,159,99.8,72
4751043572093,000136-0003-XS,0,139,89,72
4751043572116,000136-0003-S,3,139,89,72
4751043572130,000136-0003-M,3,139,89,72
4751043572154,000136-0003-L,3,139,89,72
4751043572178,000136-0003-XL,3,139,89,72
4751043572192,000136-0003-2XL,3,139,89,72
4751043572215,000136-0003-3XL,0,139,89,72
4751043572239,000136-0003-4XL,0,139,89,72
4751043572253,000136-0022-XS,2,139,89,24
4751043572277,000136-0022-S,3,139,89,24
4751043572291,000136-0022-M,3,139,89,24
4751043572314,000136-0022-L,3,139,89,24
4751043572338,000136-0022-XL,3,139,89,24
4751043572352,000136-0022-2XL,3,139,89,24
4751043572376,000136-0022-3XL,3,139,89,24
4751043572390,000136-0022-4XL,3,139,89,24
4751043573694,000140-0002-XS,2,109,49,24
4751043573717,000140-0002-S,2,109,49,24
4751043573731,000140-0002-M,0,109,49,72
4751043573755,000140-0002-L,0,109,49,72
4751043573779,000140-0002-XL,0,109,49,24
4751043573793,000140-0002-2XL,2,109,49,24
4751043573816,000140-0002-3XL,0,109,49,72
4751043573830,000140-0002-4XL,2,109,49,24
4751043573854,000140-0003-XS,2,109,49,24
4751043573878,000140-0003-S,2,109,49,24
4751043573892,000140-0003-M,0,109,49,72
4751043573915,000140-0003-L,0,109,49,72
4751043573939,000140-0003-XL,0,109,49,72
4751043573953,000013-0003-3XL,2,109,49,72
4751043573977,000140-0003-3XL,0,109,49,72
4751043573991,000140-0003-4XL,2,109,49,24
4751043572268,000149-0022-XS,2,319,189,24
4751043572275,000149-0022-S,2,319,189,24
4751043572282,000149-0022-M,2,319,189,24
4751043572299,000149-0022-L,2,319,189,24
4751043572305,000149-0022-XL,0,319,189,72
4751043572312,000149-0022-2XL,2,319,189,24
4751043572329,000149-0022-3XL,2,319,189,24
4751043572336,000149-0022-4XL,2,319,189,24
4751043574486,000004-0003-XS,1,199,99,24
4751043574462,000004-0003-S,0,199,99,72
4751043574455,000004-0003-M,0,199,99,72
4751043574448,000004-0003-L,0,199,99,72
4751043574479,000004-0003-XL,0,199,99,72
4751043574417,000004-0003-2XL,0,199,99,72
4751043574424,000004-0003-3XL,3,199,99,24
4751043574431,000004-0003-4XL,0,199,99,72
4751043574561,000004-0009-XS,1,179,99,24
4751043574547,000004-0009-S,0,179,99,72
4751043574530,000004-0009-M,0,179,99,72
4751043574523,000004-0009-L,0,179,99,72
4751043574554,000004-0009-XL,0,179,99,72
4751043574493,000004-0009-2XL,1,179,99,24
4751043574509,000004-0009-3XL,2,179,99,24
4751043574516,000004-0009-4XL,0,179,99,72
4751043574202,000141-0022-M,10,19,9.8,24
4751043574219,000141-0022-L,10,19,9.8,24
4751043574226,000141-0022-XL,10,19,9.8,24
4056264728019,310537-0750-42,0,170,,72
4056264728026,310537-0750-42/5,0,170,,72
4056264728033,310537-0750-43/5,0,170,,72
4056264728057,310537-0750-44/5,0,170,,72
4056264728064,310537-0750-45,0,170,,72
4056264728071,310537-0750-46,0,170,,72
4048159716171,310537-9999-42/5,0,170,,72
4048159716201,310537-9999-44/5,0,170,,72
4056264353686,310630-0999-41,0,170,,72
4056264353693,310630-0999-41/5,0,170,,72
4056264353709,310630-0999-42,0,170,,72
4056264353723,310630-0999-43/5,0,170,,72
4056264353730,310630-0999-44,0,170,,72
4056264353754,310630-0999-45,0,170,,72
4056264353761,310630-0999-46,0,170,,72
4056264349009,LOWA3106841,0,190,,72
4056264349016,LOWA3106842,1,190,,72
4056264349047,LOWA3106844,1,190,,72
4056264349061,LOW31068245,0,190,,72
4056264349078,LOWA3106846,0,190,,72
4056264356403,LOWA315334425,0,179,,72
4056264356410,LOWA70737435,0,179,,72
4056264356427,LOW310537044,0,179,,72
4056264356434,LOW3105370445,0,179,,72
4056264356441,LOWA7073745,0,179,,72
4056264356458,LOWA70746,0,179,,72
4052471169249,LOWA9099415,0,150,,72
4052471169287,LOWA9099445,0,150,,72
4052471169300,LOWA909945,0,150,,72
4052471169317,LOWA909946,0,150,,72
4048159716188,LOWA3105435,0,179,,72
4048159716195,LOWA310544,0,179,,72
4048159716218,LOWA310545,0,179,,72
8858687370440,KAT00339,0,1399,,72
8858687363657,KAT00332,0,1199,,72
8858687370983,KAT00514,0,1999,,72
8858687370990,KAT00513,0,1999,,72
9421026831927,RAI000003,0,149.9,,72
8858687351036,KAT00019,0,45.9,,72
8858687350015,KAT00422,0,12.9,,72
8858687350046,KAT00450,0,11.89,,72
8858687352194,KAT00485,0,44.89,,24
8858687320421,KAT00146,0,89.9,,72
8858687320414,KAT00145,0,89.9,,72
8858687320407,KAT00144,0,89.9,,72
3332221110000,KAT00047,0,184.91,120,72
1112223334444,KAT00050,0,184.91,120,72
1111445556666,KAT00049,0,184.91,,72
7778889994444,KAT00111,0,87.9,,72
8858687359674,3 W000013,0,71.91,,72
8022068051192,0428004N.L,0,61.9,45,72
8022068045368,0428004N.R,0,61.9,,72
4771999386869,112IN1411-990S,2,44.95,,72
4771999386876,112IN1411-990M,3,44.95,,72
4771999386883,112IN1411-990L,3,44.95,,72
4771999386890,112IN1411-990XL,2,44.95,,72
4771999386906,112IN1411-990XXL,2,44.95,,24
4771999386913,112IN1411-9903XL,2,44.95,,72
4771999353106,12ORGN711-990S,2,28.5,,24
4771999353113,12ORGN711-990M,0,28.5,,48
4771999353120,12ORGN711-990L,2,28.5,,24
4771999353137,12ORGN711-990XL,2,28.5,,24
4771999353144,12ORGN711-990XXL,2,28.5,,24
4771999415125,12ORGN711-9903XL,0,28.5,,48
9420024166161,000-14015-001,0,175,,72
9420064114665,000-15531-001,0,800,,72
9420064114399,000-15504-001,0,389,,72
9420064116911,000-15689-001,0,1435,,24
4056264978452,3106850-42/5,0,219,,72
4056264348842,310684-0999-41/5,0,219,,72
4056264977806,310681-0999-42,0,219,,72
4056264977820,310681-099-43/5,0,219,,72
4056264977837,310681-099-44,0,219,,72
4056264977844,310681-099-44/5,0,219,,72
4056264977851,310681-099-45,0,219,,72
4056264991413,31069007-43/5,0,190,,72
4056264991420,31069007-44,0,190,,72
4056264991437,31069007-44/5,0,190,,72
4048159716232,LOWA537999465,0,179,,72
4048159716249,LOWA310547,0,179,,72
4048159068465,LOWA31068465,0,190,,72
4048159068470,LOWA3106847,0,190,,72
4052471169270,LOWA9099435,0,150,,72
4052471692945,LW3105890-44.5,0,150,,72
4056264212853,LOWA20731435,0,179,,72
4056264212846,LOWA32053364,0,179,,72
4056264091458,320537365,0,190,,72
4056264091465,32053737,0,190,,72
4056264091472,320537375,0,190,,72
4056264091496,32053739,0,179,,72
4056264091502,320537395,0,179,,72
4056264091519,32053740,0,179,,72
4056264091526,32053741,0,179,,72
4056264091533,320537415,0,179,,72
4056264091540,32053742,0,179,,72
4056264091557,320537425,0,179,,72
4056264091564,320537435,0,179,,72
4056264091489,32053738,0,179,,72
4751043572764,110-00007-0050,0,24.9,,72
4751043577125,6089CV-00775-0050,0,24.9,,72
4751043575083,6089TC-01393-0050,0,24.9,,72
4751043578086,6277FM-00007-0044,0,24.9,,72
475104357893,6277FM-00007-0053,5,24.9,,72
4751043578062,6277PS-00138-0044,5,24.9,,72
4751043578079,6277PS-00138-0053,0,24.9,,72
4956264350135,31066 80493-42,0,190,,72
4956264350142,320668049338,0,190,,72
4956264350159,31066 80493-43,0,190,,72
4056264350166,31066 80493-44,0,190,,72
4056264350173,31066 80493-445,0,190,,72
4056264350180,31066 80493-45,0,190,,72
4771999387156,112IN1711-9903XL,0,44.95,,72
4771999387125,112IN1711-990L,0,44.95,,72
4771999387118,112IN1711-990M,0,44.95,,72
4771999387132,112IN1711-990XL,0,44.95,,72
4771999387149,112IN1711-990XXL,0,44.95,,72
4771999387101,12IN1711-990S,0,44.95,,72
4771999365444,12ORGN411-9903XL,2,28.5,,24
4771999255202,12ORGN411-990L,2,28.5,,48
4771999255196,12ORGN411-990M,2,28.5,,48
4771999264723,12ORGN411-990S,2,28.5,,48
4771999255219,12ORGN411-990XL,2,28.5,,24
4771999255226,12ORGN411-990XXL,2,28.5,,24
4056264349054,LOWA31068445,0,190,,72
4056264349030,LOWA31068435,0,190,,72
4056264349023,LOWA31068425,0,190,,72
4056264724035,LOWA8073142,0,190,,72
4056264724059,LOWA80731435,0,190,,72
4056264724066,LOWA4073647,0,190,,72
4056264724080,LOWA8073145,0,190,,72
4063606359077,310854C3099-42,0,190,,72
4063606359084,310854C31-42.5,0,190,,72
4063606359091,310854C30-43.5,0,190,,72
4063606359107,310854C3099-44,0,190,,72
4063606359114,310854C30-44.5,0,190,,72
4063606359121,310854C3099-45,0,190,,72
4063606358476,310854C33-42,0,190,,72
4063606358483,310854C33-42.5,0,190,,72
4063606358490,310854C33-43.5,0,190,,72
4063606358506,310854C33-44,0,190,,72
4063606358513,310854C33-44.5,0,190,,72
4063606358520,310854C33-45,0,190,,72
5902194521512,BU ZEHA red,0,54.99,35,72
5902194521543,BU ZEHA ora,0,54.99,35,72
5902194521277,BU VAHAS dol,0,119.99,90,24
5902194520836,BU JAHAMONET,0,54.99,42,24
5902194521499,BU JUHASET,0,87.99,62,24
5902194520676,BU BUBEHA olv,0,82.5,65,72
5902194521659,BU BCvr /L,2,33,,24
5902194520607,BU THTARP 2x3 olv,0,58,,72
5902194521031,BU TRHUE,0,32.99,,72
5900637156253,UWI-WOR-001B,0,30,20,72
5900637166306,UWI-WOR-002BU,0,22,15,72
8858687358745,KAT00115,0,87.9,,72
8858687358752,KAT00117,0,87.9,,72
8858687358776,KAT00118,0,87.9,,72
3011978004652,N776220BC,0,40,,72
3011978004201,N743225B,0,33,,72
475104357026,A65,0,20,15,24
4751043570212,A63,5,25,18,24
4751043570213,A64,4,25,18,24
4751043570215,AC81,0,29,20,72
3590063768550,UACH-S002,0,81,,72
5900637018339,UWI-005,0,112,60,72
5900637151555,UWI-M004,0,40,30,72
5900637151548,UWI-M009,0,39,29,72
5900637151487,UWI-M010,0,40,,72
5900637030812,UWJ-R004B,0,18,,72
5900637030805,UWJ-R003B,0,12,9,72
5900637030799,UWJ-R002B,0,8,,72
4751043570218,A98,0,5,,72
4751043576381,6606VC-03957-0050,0,19,,72
4751043576374,6606VC-03956-0050,0,19,,72
4751043577681,6006MC-00007-0050,0,21.9,,72
4751043575123,7005MC-00007-0050,5,21.9,,72
4751043576370,5003-00007-0050,0,20,,72
4751043570109,RAPPER316,0,24.9,,72
4751043570130,RAPPER108,0,24.9,,72
4751043570116,RAPJER380,0,24.9,,72
4751043578020,6506T-00172-0050,0,24.9,,72
4751043570185,SONIOLNR,0,24.9,,72
4751043572427,7005-00007-0050,0,16,,72
4751043572441,7005-00472-0050,0,16,,72
4751043570669,6606T-01065-0050,0,24.9,,72
4751043570178,RAPCOOLNR,0,20,,24
4751043570192,RASUBE,0,20,,72
021563111460,11146-013,5,10,,48
021563161106,16110-010,5,12,,24
021563106688,10668-010,0,9,,72
021563153118,15311-013,5,9,,24
021563106077,10607-012,6,18,,24
021563362268,36226-010,21,20,,24
021563362954,36295,5,10,,24
4953571093161,SOTO OD-1NV NR,3,65,,72
4953571093093,SOTO OD-1NVE,0,45,,72
6927595701270,NH20MSD02R,0,49,,72
6927595702390,NH20MSD02L,0,49,,72
6975641888758,NH21MSD08L,0,50,0,72
6975641888765,NH21MSD08R,0,50,0,72
6927595777015,NH18D010-P,0,45,,72
6927595782576,NH15Q002-D,0,30,,72
6927595727935,NH18X004-Y,0,29,,72
6927595778692,CNH22JU008,0,54,,72
6927595737293,NH19Z008-Z,0,65,,72
6927595777541,NH21ZP008-Green,0,199,,72
6927595777459,NH21ZP008,0,120,99,72
6927595777893,NH21ZP008-FG,0,130,,72
6927595777572,NH21ZP008-Red,0,130,,72
6927595719954,NH17K240-Y,0,180,,72
6927595796368,NH21ZP010,0,149,,72
6927595783283,NH17T001-T,0,150,,72
6927595730324,NH18T018-G,0,32,25,72
6927595778654,NH21SJ032,10,30,19,72
6927595747926,NH20FS022,0,26,,72
6927595761649,NH19BP095,9,109,,24
3011978004676,Wio000010,0,45,,72
3011978004677,N776230BC,0,45,,72
4751043570217,A96,0,69,,72
4771999391009,12ACTI411-930S,4,40.5,,48
4771999391016,12ACTI411-930M,4,40.5,,48
4771999391023,12ACTI411-930L,4,40.5,,48
4771999391030,12ACTI411-930XL,0,40.5,,48
4771999391047,12ACTI411-930XXL,2,40.5,,48
4771999414586,12ACTI411-9303XL,4,40.5,,48
4771999391108,12ACTI711-930S,4,40.5,,24
4771999391115,12ACTI711-930M,4,40.5,,24
4771999391122,12ACTI711-930L,0,40.5,,48
4771999391139,12ACTI711-930XL,0,40.5,,48
4771999391146,12ACTI711-930XXL,4,40.5,,24
4771999414609,12ACTI711-9303XL,0,40.5,,48
4771999412704,12KOJA101-991L,15,18.95,,24
4771999412698,12KOJA101-991M,10,18.95,,24
4771999412681,12KOJA101-991S,5,18.95,,24
4771999412711,12KOJA111-991S,0,20,17,72
4771999412735,12KOJA111-991L,0,20,17,72
4771999412728,12KOJA111-991M,0,20,17,72
4771999444453,14TUBM530-863,0,25,,72
4771999388115,11TUBM550-780,0,20,,72
4771999409162,12HATM530-990LXL,0,24.95,,72
4771999409155,12HATM530-990SM,4,24.95,,24
840054387395,LOWA8308020,9,10.5,,24
4056264634099,LW8308050111,10,11.3,,24
4056264525830,LOWA20111,0,11.3,,72
4056264975871,LW402109-37.38,3,18,,24
4056264975888,LOWALS40210999,2,18,,24
4056264975895,LOWALS40210941,2,18,,24
4056264975901,LOWALS40210943,4,18,,24
4056264975918,LW402109-44.45,3,18,,24
4056264987362,LW402104-37/38,3,18,,24
4056264987379,LW402104-39.40,5,18,,24
4056264987386,LW402104-41.42,2,18,,24
4056264987393,LW402104-43.44,3,18,,24
4056264987409,LW402104-45.46,3,18,,24
4771999409179,12HATM520-990SM,5,29.95,,72
4771999409186,12HATM520-990LXL,0,29.95,,72
4063606550863,8311080111,10,15.5,,24
4063606358759,31054C35-41,1,190,,48
4063606358766,310854C35-41.5,0,190,,72
4063606358742,310854C35-40,1,190,,48
4063606358797,310854C35-43.5,1,190,,48
4063606358780,310854C35-42.5,1,190,,48
4063606358827,310584C35-45,1,190,,48
4063606358810,310854C35-44.5,1,190,,48
4063606364019,310854C35-39,1,190,,48
3123840025006,2500,4,22,,72
3123840024009,2400,5,26,,72
4063606358803,310854C35-44,1,190,,48
3123840026157,2615,1,29,,72
3123840023347,2334,1,20,,72
3123840021862,2186,3,16,,72
3123840021879,2187,3,16,,72
3123849801847,1198,1,42,,72
3123840013270,1327,1,46.5,,72
840054466236,31085C37-42,0,190,,72
4063606358933,310854C37-42.5,0,190,,72
840054466250,310854C37-43.5,0,190,,72
4063606358957,31085C307-44,0,190,,72
3123840017155,1715,1,28,27,72
3123840017148,1714,1,28,27,72
3123840015779,1577,1,28,27,72
3123840015762,1576,1,28,27,72
3123840006586,658,1,28,,72
3123840024542,2454,1,43.5,,72
3123840012525,1252,1,22.5,,72
3123840025013,2501,4,12.5,,24
3123840023354,2335,1,20,,72
3123840023330,2333,1,20,,72
3123840023323,2332,1,20,,72
3123840026222,2622,1,20,,72
3123840023316,2331,1,20,,72
3123840026292,2629,1,20,,72
4751043570223,4OUTF004-L,22,39,29,24
4751043570224,4OUTF004-XL,20,39,29,24
5902194521642,BU1 BUBEHAcam,2,79,,72
5902194521260,BU THBKET olv,3,55,,24
5902194521741,BU HOTH olv,0,65,,72
5902194521024,BU HEMONET blk,0,5,,72
5902194521956,BU EATARP3x3 gre,0,55,,72
6975641888536,CNH22DZ018,0,119,90,72
6976023929823,CNH23DZ10001,0,98,,72
6976023929724,CNK23JU0001,0,38,,72
6976023925085,CNK2300JU014,0,86,,72
6927595738108,NH19QD008,0,25,,72
6927595701997,NH21RJ009,0,27,,72
6975641887485,NH70B070-B,0,119,,72
6976507665575,CNK2300ZP036,0,154,,72
6976023923173,CNK2300BB011,0,36,,72
6976023923661,CNK2300ZP024,0,176,149,72
6976023926150,CYY2321IA010,0,28,,72
6976023923395,CNK2300DZ014,0,30,,72
6927595795330,NH21MSD06,0,69,,24
6976507667272,CNK2300SD021L,0,89,,72
6976507667319,CNK2300SD021R,0,89,,72
6976023929595,CNK2300CJ0002,0,51,31,72
6927595723174,NH17D021,0,25,,72
6976507665971,CNK2300DQ022,0,43,25,72
6927595737767,NH19Z003-P,0,45,,72
6976023921780,CNK2300SD016,0,39,,72
6927595749661,NH20TM006,50,79,,24
6927595789742,NH21RJ004,30,18,,24
6927595787908,NH16Y020-Q,0,108,,72
6927595767658,NH17T007-M,0,139,,72
6927595789049,NH17T012-T,0,159,,72
6927595783284,NH17T001-T1,0,149,,72
6927595712818,NH18A095-D,0,154,145,24
6976023923449,NH19TM004,0,159,,72
6927595767221,NH20MSD07,0,39,,24
6927595783819,NH17N002-D,0,23,,24
6927595787205,NH15T203-G,0,35,28,72
4751043570672,000082-0003,0,50,,72
6927595768235,NH20JJ027,0,59,,72
6927595761427,NH20JJ001,0,98,,72
6927595767849,NH20PJ025,0,4.9,,72
6927595738109,NH19QD009,0,25,,72
6975641886112,CNH22DQ009,15,42,,24
6927595709573,NH22ZM005,25,25,,24
6927595788264,NH21FSB04,0,45,,72
6927595778968,NH20FS022L,0,28,,72
6927595778951,NH20FS022M,0,28,,72
6959740911739,650792B-137,0,60,40,72
6959740911740,650792B-138,0,60,40,72
6959740911741,650792B-139,0,60,40,72
6959740911742,650792B-140,0,60,45,72
6959740911517,650221B-537,0,60,45,72
6959740911518,650221B-538,0,60,45,72
6959740911519,650221B-539,0,60,45,72
6959202222022,HB202222-2,0,37,,72
6959202222011,HB202222-1,0,37,,72
6959740912064,150187B-138,0,69,49,72
44224070692,30585,16,8,,72
44224071774,30586,22,7,,72
6959740911494,650667A-242,0,60,,72
6959740911495,650667A-243,0,60,45,72
6959740911496,650667A-244,0,60,45,72
6959740911497,650667A-245,0,60,45,72
6959740911498,650667A-246,0,60,45,72
6959740911982,150187A-343,0,69,49,72
6959740911983,150187A-344,0,69,,72
6959740911984,150187A-345,0,69,,72
5012023980066,80066,0,3.9,,24
5012023980073,80073,12,9.9,,24
6959740909308,240775B-238,0,129,79,72
6959740909309,240775B-239,0,129,99,72
6959740909310,240775B-240,0,129,99,72
6959740909409,240775B-137,0,129,99,72
6959740909248,240775A-243,0,129,89,72
6959740911999,750064A-142,0,55,45,72
6959740911100,750064A-143,0,55,45,72
6959740911101,750064A-144,0,55,45,72
6959740911102,750064A-145,0,55,45,72
6959440911562,350632A-243,0,92,49,72
6959440911563,350632A-244,0,92,49,72
6959740911562,350632A-143,0,92,62,72
6959740911561,350632A-142,0,92,62,72
6959740911563,350632A-341,0,92,62,72
6959740911564,350632A-342,0,92,49,72
67424559503,3180911957,0,4.5,,72
18079616658,2956863402,0,4.5,,72
6959740971993,HB202004-3,0,10,,72
6959740971994,HB202004-5,0,10,,72
6959720230104,HB202301-4,0,10,,72
6959720230103,HB202301-3,0,10,,72
0021563106701,10670-010,4,12.5,,24
0021563911214,91121,4,12,,24
6927595776988,CNK2350WS020,0,181,,72
6927595737743,NH18A095-D1,0,146,135,72
6976023924781,NH17L001-L,0,285,,72
6976507661799,CNK2300ZP040,2,191,,24
731952663367,3367,0,5.5,,72
731795966367,6367,0,5.5,,72
6959740910404,27P620B-1M,0,43.5,24,72
6959740910405,27P620B-1L,0,43.5,24,72
6959740910406,27P620B-1XL,0,43.5,24,72
6959740910407,27P620B-12XL,0,43.5,24,72
6959740910206,17P700B-3M,0,57.5,34,24
6959740910207,17P700B-3L,0,57.5,34,72
6959740910208,17P700B-3XL,0,57.5,34,72
6959740910209,17P700B-32XL,0,57.5,34,72
5902194521857,BUUSIMFL38,0,57,,72
5902194521840,BUUSIMFL25,0,56,,72
5902194521833,BUUSIMFR38,4,56,,72
5902194521826,BUUSIMFR25,4,49,,72
5902194521963,BU EATARP2x3 gre,4,45,,24
6959740910367,17W793B-1M,1,30,20,72
6959740910368,17W793B-1L,2,30,20,72
6959740910369,17W793B-1XL,0,30,20,72
6959740910370,17W793B-12XL,0,30,20,72
6959740910961,27U390B-2M,0,29,18,72
6959740910962,27U390B-2L,0,29,18,72
6959740910963,27U390B-2XL,0,29,18,72
6959740910964,27U390B-22XL,0,29,18,72
4751043570246,6OUTF005,52,95,,24
6959740911807,17Q456B-22XL,0,35,25,72
6959740911808,17Q456B-1XL,0,35,25,72
6959740910282,17Q489B-1M,0,35,25,24
6959740910283,17Q489B-1L,0,35,,72
6959740973539,HB202013-1,0,10,,72
6959740973540,HB202013-2,0,10,,72
6959740973541,HB202013-3,2,10,,24
6959740973591,HB202113-1,0,20,,72
806386020235,20235,5,14.5,,72
806074351195,1195,0,14.5,,72
806161702309,2309,6,14.5,,72
806311761312,1312,3,14.5,,72
88260880,GB00707,0,6.9,,72
4751043570161,RCANOLKA,12,15,,72
4053838306673,65050030,10,24.9,,72
4053838323700,3700,5,24.9,,72
4053838323892,3892,5,24.9,,72
4053838101902,1902,10,24.9,,72
4053838101896,1896,10,24.9,,72
7610465873571,8734.2,2,37.5,,24
7610465873540,8735.4,0,31.5,,72
7610465873427,8735.7,0,37.5,,72
6924384067203,7203,5,18.5,,72
7331423011858,2413710610,0,22,,72
7331423012893,1423012894,0,2.6,,72
7331423011842,2413710210Y,3,22,,72
7331423011865,2413710910,3,22,,72
7331423011476,2111110310,3,12.4,,24
7331423011520,2111010310,3,17.6,,24
713014823574,3574,0,19.9,,72
712607401948,1948,0,19.9,,72
758595892462,2462,0,5.5,,72
7610465873397,8733.9,3,34.5,,72
7610465869802,8698,3,33.5,,24
7610465869710,8697.1,0,28.5,,72
7610465869543,8695.4,0,24.9,,72
7610465869499,8694.9,0,29,,72
7630135601570,6015.7,3,34,,24
7630135601556,6015.5,3,34,,24
7630135601518,6015.1,3,29,,24
7630135601495,6014.9,3,29,,24
7331423014590,4222414610,4,12.5,,24
7331423014064,2410713110,4,20,,24
7331423011513,2111001210,4,17.6,,24
4771999404211,12ORGN712-990XXL,4,28.5,,48
4771999255738,12ORGN712-990XS,4,28.5,,48
4771999255776,12ORGN712-990XL,4,28.5,,48
4771999255745,12ORGN712-990S,4,28.5,,48
4771999255769,12ORGN712-990L,4,28.5,,48
4771999255752,12ORGN712-990M,4,28.5,,48
4771999415149,12ORGN412-990XXL,4,28.5,,24
4771999353168,12ORGN412-990XS,0,28.5,,48
4771999353175,12ORGN412-990S,4,28.5,,24
4771999353182,12ORGN412-990M,4,28.5,,24
4771999412742,12ORGN412-990L,0,28.5,,48
4771999388108,11TUBM540-863,0,28.5,,72
4771999388092,11TUBM540-780,4,28.5,,24
4771999391306,12ACTI712-930XS,4,40.5,,24
4771999391313,12ACTI712-930S,0,40.5,,48
4771999391320,12ACTI712-930M,0,40.5,,48
4771999391337,12ACTI712-930L,0,40.5,,48
4771999391344,12ACTI712-930XL,0,40.5,,48
4771999414647,12ACTI712-930XXL,0,40.5,,48
4771999391207,12ACTI412-930XS,4,40.5,,24
4771999391214,12ACTI412-930S,4,40.5,,48
4771999391221,12ACTI412-930M,0,40.5,,48
4771999391238,12ACTI412-930L,4,40.5,,24
4771999391245,12ACTI412-930XL,4,40.5,,24
4771999414623,12ACTI412-930XXL,0,40.5,,48
746568802411,2411,7,6.9,,72
4751043570253,A-00025.RG.04.M,2,43.85,,72
4751043570260,A-00025.RG.05.L,2,43.85,,72
4751043570277,A-00025.RG.06.XL,2,43.85,,72
4751043570284,A-00035.RG.04.M,2,34.45,,72
4751043570291,A-00035.RG.05.L,2,34.45,,72
4751043570307,A-00035.RG.06.XL,2,34.45,,72
4751043570314,A-00035.B.04.M,0,34.45,,24
4751043570321,A-00035.B.05.L,0,34.45,,24
4751043570338,A-00035.B.06.XL,0,34.45,,24
4751043570345,A-00035.B.07.XXL,2,34.45,,24
4751043570352,A-00025.B.04.M,0,43.85,,72
4751043570369,A-00025.B.05.L,2,43.85,,24
4751043570376,A-00025.B.06.XL,2,43.85,,24
4751043570383,A-00025.B.07.XXL,2,43.85,,24
4742886012277,2277,4,7.17,,24
4742886012369,2369,4,6.59,,24
4742886012611,2611,4,7.7,,24
4742886012628,2628,4,6.76,,24
4742886014837,4837,4,8.61,,24
4742886011270,1270,4,5.12,,24
4751043570390,390,5,15.99,,72
5905123235023,1602 32 19,10,8,,72
5905123235146,1602 49 90,10,8,,72
5905123235108,1602 50 95,10,8,,72
5905123235153,1603 49 90,10,8,,72
4751043570240,5OUTF001S,3,179,119,24
4751043570241,5OUTF001M,0,179,119,72
4751043570242,5OUTF001L,0,179,119,72
4751043570243,5OUTF001XL,0,179,119,24
4751043570244,5OUTF0012XL,0,179,119,72
4771999388177,11GLVM820-780LXL,0,44.95,24.95,72
4771999388160,11GLVM820-780SM,0,44.95,24.95,72
4771999431514,12BAND520-980,6,19.95,,24
4053838051443,TB811G,0,7.9,,72
4053838051436,TB811B,0,7.9,,72
4065812535368,TB6532,4,14.9,,24
4053838018156,TB626,0,9.9,,24
4065812268372,TB5649,1,24.9,,24
4053838665381,TB3870,0,29.9,,24
4053838208175,TB1685,0,9.9,,72
4065812271990,401,4,9.9,,72
4053838043936,383,4,9.9,,72
4065812272003,370,4,9.9,,72
4053838306857,368,4,9.9,,72
4751043574936,000147-0003-S,0,228,,72
4751043574974,000147-0003-M,2,228,,24
4751043575032,000147-0003-L,0,228,,24
4751043575094,000147-0003-XL,0,228,,24
4751043575155,000147-0003-3XL,2,228,,72
2550064785500,7978555302,10,15.5,,24
6168490791400,1316221677,6,15.5,,24
4053838533574,TB3273-039,5,7.9,,24
4053838533567,TB3273-072,6,7.9,,24
4051773188750,BD7021GM,5,19.9,,24
4051773188767,BD7021GL,5,19.9,,24
4051773188774,BD7021BM,5,19.9,,24
4051773188781,BD7021BL,0,19.9,,72
4751043570406,OUTF406,1,19.9,,24
4751043570413,OUTF413,0,19.9,,24
4751043570420,OUTF420,0,19.9,,24
4751043570437,OUTF437,0,19.9,,72
4751043570438,TB961,0,10.9,,72
4751043570439,TB2139,0,12.9,,72
4751043570440,TB2921,0,17.5,,72
4751043570441,TB761,0,14.9,,72
4751043570442,TB762,0,14.9,,72
5903707810703,101-42B,2,33.9,,24
5903707810710,101-43B,0,33.9,,24
5903707810727,101-44B,4,33.9,,24
5903707810734,101-45B,4,33.9,,24
5903707810741,101-46B,4,33.9,,24
5903707810963,101-47B,4,33.9,,24
5907670793827,107-36T,2,27,,24
5907670793766,107-37T,2,27,,24
5907670793773,107-38T,2,27,,24
5907670793797,107-40T,2,27,,24
5907670793803,107-41T,0,27,,24
5907670793810,107-42T,2,27,,24
5907670793285,107-36B,2,27,,24
5907670793186,107-37B,0,27,,72
5907670793193,107-38B,0,27,,72
5907670793209,107-39B,0,27,,24
5907670793216,107-40B,0,27,,24
5907670793223,107-41B,2,27,,24
5907670793278,107-42B,2,27,,24
821591181978,1978,2,14.5,,72
821402962496,2496,0,14.5,,72
4751043570021,3OUTF001-M,13,14.5,,24
4751043570022,3OUTF001-L,5,14.5,,24
4751043570023,3OUTF001-XL,5,14.5,,24
7630135605288,6052.8,4,24.9,,24
7630135605271,6052.7,4,24.9,,24
4065812535597,TB374235-38-B,0,19.9,,72
4065812535603,TB374239-42-B,4,19.9,,72
4065812535610,TB374243-46B,0,19.9,,72
4053838665800,5800,4,19.9,,72
4053838665817,5817,4,19.9,,72
4051773133286,BD7010,5,14.9,,24
4771999409148,12BALP560-990,0,19.5,,72
7610465873434,8734.3,3,38,,24
7630135605387,6053.8,4,24.9,,24
6959740976653,HB20220501,0,79,59,48
6959740976622,HB20220202,0,59,35.5,48
4953571093148,SOTO OD-1NV C,4,52,,24
6959740912873,47Y764B-3M,3,130,91.5,24
6959740912874,47Y764B-3L,0,130,91.5,72
6959740912875,47Y764B-3XL,0,130,91.5,72
6959740912876,47Y764B-32XL,3,130,91.5,72
6959740912877,47Y764B-33XL,0,130,91.5,72
6959740912878,47Y764B-34XL,0,130,91.5,72
4751043570209,8736,0,38.5,,72
7331423014118,2402310600,4,9.5,,24
7331423014101,2402310200,4,9.5,,24
7331423011667,2402710210,3,9,,24
4751074308539,37W691A-1M,0,69,49,72
4751095318014,37W691A-1L,0,69,49,72
4751047222138,37W691A-1XL,0,69,49,72
4751039169415,37W691A-12XL,0,69,49,72
4751059961752,37W691A-13XL,0,69,49,72
4751039932517,37W691A-14XL,0,69,49,72
4751003537483,37W691A-3M,0,69,49,72
4751028386632,37W691A-3L,0,69,49,72
4751033611210,37W691A-3XL,0,69,49,72
4751092719138,37W691A-32XL,0,69,49,72
4751027491249,37W691A-33XL,0,69,49,72
4751023880487,37W691A-34XL,0,69,49,72
6959740908524,26C818B-1M,0,75,54,72
6959740908525,26C818B-1L,0,75,54,72
6959740908526,26C818B-1XL,0,75,54,72
6959740908527,26C818B-12XL,0,75,54,72
6959740908528,26C818B-13XL,0,75,54,72
6959740908529,26C818B-14XL,0,75,54,72
6959740913191,37Z472B-1-M,0,25.5,,72
6959740913192,37Z472B-1-L,0,25.5,,72
6959740913193,37Z472B-1-XL,2,25.5,,24
6959740913194,37Z472B-1-2XL,2,25.5,,24
6959740913283,37Q464B-1M,0,57.5,48,24
6959740913284,37Q464B-1L,0,57.5,48,48
6959740913285,37Q464B-1XL,3,57.5,48,24
6959740913286,37Q464B-12XL,0,57.5,48,24
6959740913287,37Q464B-13XL,0,57.5,48,48
6959740913288,37Q464B-14XL,0,57.5,48,48
6959740913293,37Q464B-3M,0,57.5,48,48
6959740913294,37Q464B-3L,2,57.5,48,24
6959740913295,37Q464B-3XL,2,57.5,48,24
6959740913296,37Q464B-32XL,0,57.5,48,48
6959740913297,37Q464B-33XL,0,57.5,48,24
6959740913298,37Q464B-34XL,0,57.5,48,48
6959740913498,37T556B-2M,0,22.5,,72
6959740913499,37T556B-2L,0,22.5,,72
6959740913410,37T556B-2XL,0,22.5,,72
6959740913411,37T556B-22XL,0,22.5,,72
6959740913412,37T556B-24XL,0,22.5,,72
6959740913488,37T556B-1M,0,22.5,15,48
6959740913489,37T556B-1L,0,22.5,15,48
6959740913490,37T556B-1XL,0,22.5,,72
6959740913491,37T556B-12XL,0,22.5,15,72
6959740913492,37T556B-13XL,0,22.5,,24
6959740912712,37W332B-1L,0,31.5,26.77,72
6959740912713,37W332B-1XL,0,31.5,26.77,72
6959740912714,37W332B-12XL,0,31.5,26.77,72
6959740912715,37W332B-13XL,0,31.5,26.77,72
6959740912716,37W332B-14XL,0,31.5,26.77,72
6959740912722,37W332B-4M,0,31.5,26.77,72
6959740912723,37W332B-4L,0,31.5,26.77,72
6959740912724,37W332B-4XL,0,31.5,26.77,72
6959740912725,37W332B-42XL,0,31.5,26.77,72
6959740912726,37W332B-43XL,0,31.5,26.77,72
6959740912727,37W332B-44XL,0,31.5,26.77,72
6959740913740,250818A4-39,0,129,89,72
6959740914105,250818A4-40,0,129,89,72
6959740914106,250818A4-41,0,129,89,72
6959740914624,250554B5-38,0,99,79,72
6959740914625,250554B5-39,0,99,79,72
6959740914626,250554B5-40,0,99,79,72
6959740914627,250554B5-41,0,99,79,72
6959740914600,250290B5-37,3,99,55,24
6959740914601,250290B5-38,0,99,79,72
6959740914602,250290B5-39,0,99,79,72
6959740914603,250290B5-40,0,99,79,72
6959740913764,250460B3-37,0,99,79,72
6959740913765,250460B3-38,3,99,55,24
6959740913766,250460B3-39,0,99,79,72
6959740913767,250460B3-40,0,99,79,72
6959740913769,250460B7-37,1,99,69,24
6959740913770,250460B7-38,4,99,69,24
6959740913771,250460B7-39,0,99,59,72
658100727107,EC041127050,0,13,,72
6959740913757,250460A1-43,0,99,79,72
6959740913758,250460A1-44,0,99,79,72
6959740913759,250460A1-45,0,99,79,72
6959740913756,250460A1-40,0,99,79,72
6959740914143,250290A3-41,0,89,,72
6959740914144,250290A3-42,0,89,,72
6959740914145,250290A3-43,0,89,69,72
6959740914146,250290A3-44,0,89,,72
6959740914112,250818C2-42,0,89,,72
6959740914113,250818C2-43,0,89,,72
6959740914114,250818C2-44,0,89,,72
6927595798904,NH22YW005,6,350,295,24
6927595798089,NH19Y001-Z,0,45,,72
6927595754986,NH19Y002-D,0,45,,72
6927595798072,NH19Z003-D,25,85,,48
6959740976645,HB202107-1,0,115,85,72
7610465896891,8968.9,0,25,,72
7610465880319,8803.1,0,24.5,,72
7610465859223,8592.2,3,28.5,,24
7630135600238,6002.3,0,18.9,,72
7610465880302,8803,3,18.9,,24
7630135602119,6021.1,3,32.5,,24
7630135605295,6052.9,3,33.5,,24
7610465874462,8744.6,0,17.5,,72
7630135603604,6036,3,20.5,,24
7610465899236,8992.3,0,35,,72
7610465873588,8735.8,3,37.9,,24
7610465832707,8327,0,18.9,,72
7610465902622,9026.2,3,26.5,,72
7610465869536,8695.3,0,32,,72
21563401011,40101-010,4,9.5,,24
21563371314,37131-011,4,8.5,,24
21563362008,36200-011,4,10,,24
21563362602,36260,4,12,,24
21563105155,10515-017,4,12,,24
21563361346,36134-010,4,14.5,,24
5908221359943,ss10398,3,179,150,24
5908221359813,ss10319,0,288,250,72
5908221359950,ss10395,3,158,130,24
5908221359974,ss10347,0,270,190,24
5908221344192,ss2030,3,75,60,24
5908221344185,ss2029,3,55,40,24
5908221349814,1008066,4,68,55,24
5908221349920,ss5827,4,26,,24
5908221338856,ss1050,4,13,,24
5908221349944,ss5504,4,39,,24
8435527826338,V0103860,0,31.5,,72
8435527826530,V0103889,4,30,,24
4899888116661,V0100770,10,6,,72
21563301229,30122-014,9,12,,24
5902194522229,BU FRBCO na,4,109,,24
6959740912569,HB202415,14,29,,24
6959740912570,HB202415G,14,29,,24
5902194521970,BUeasyTARP4x3 gre,3,69,,24
5902194521673,BUCOTELOcoy,3,119,,24
4751043570227,OUTFWS-S,0,19.9,,24
4751043570228,OUTFWS-M,0,19.9,,24
4751043570229,OUTFWS-L,0,19.9,,24
4751043570230,OUTFWS-XL,0,19.9,,24
5902194521321,BUULHADOLXL,3,75,,24
5902194521703,BUALUMATXL,15,13,,24
5902194520942,BUMATALU,15,7,,24
5902194520928,BU DEHAMONET blk,3,45,,24
5902194520270,BUBRCA6blk,3,9.5,,72
5902194520768,BUBRCA6fir,3,9.5,,72
4063606601633,8311100113,0,28,,24
7630135604440,6044.4,5,9.2,,72
6976023924668,CNH23ZP120030,3,360,,24
6927595773390,NH20TM008105,3,195,,24
6959740917007,660830A-142,0,57,34.2,24
6959740917008,660830A-143,0,57,34.2,24
6959740917009,660830A-144,0,57,34.2,24
6959740917010,660830A-145,0,57,34.2,24
6959740917011,660830A-146,0,57,34.2,24
6959740912545,HB202417,0,34.9,,24
4751088442644,10303D69G-44,0,95,,48
4751088442745,10303D69G-45,0,95,,24
4751083963046,10303D69G-46,2,95,,24
4751087386043,15011D12t-43,2,122,,24
4751086384444,15011D12t-44,2,122,,24
4751087386045,15011D12t-45,2,122,,24
4751035665301,15203D44G-44,2,120,,24
4751070397738,15203D44G-45,0,120,,48
4751083360643,15203D44G-46,0,120,,48
4953571093179,528-0271,0,68,,48
4953571295008,SOTO SOD-501,2,89.95,,24
4953571195216,SOTO SOD-521,2,86.95,,24
4953571096087,SOTO OD-TSK,2,68,,24
5908221360611,ss11298B,6,11,,24
5908221357314,ss8923,4,42,,24
5908221357529,ss8925,4,35,,24
4751660801238,660801B-238,0,58,34.8,48
4751660801239,660801B-239,0,58,34.8,48
4751660801240,660801B-240,2,58,34.8,48
4751660801241,660801B-241,0,58,34.8,48
4751160913438,160913B-438,2,64,38.4,24
4751160913439,160913B-439,0,64,38.4,48
4751160913440,160913B-440,0,64,38.4,48
4751160913441,160913B-441,0,64,38.4,48
4751150453238,150453B-238,1,69,59,24
4751150453240,150453B-240,2,69,59,24
4751250460240,250460B-240,0,79,,48
4751250460241,250460B-241,0,79,,48
4751250290139,250290B-139,0,79,59,24
4063606787900,fortux-gtx42,1,188,,48
4063606787955,fortux-gtx45,1,188,,48
5908221360253,ss11473,2,350,,24
5908221360000,ss11474,0,290,,48
5908221344314,ss1873,3,105,,48
5908221344512,ss1868,3,47,,24
5908221347827,ss4303,4,44,,24
5908221323050,kj0359,4,18,,24
5908221339020,S2081,5,12.5,,24
5908221339006,kj0358,5,12.5,,24
5908221360895,ss11499o,3,18.5,,24
5908221360901,ss11498g,3,18.5,,24
5908221350094,ss6106,4,23,,24
5908221358533,ss9209,3,38,,24
5908221354283,ss10309-35-38,3,10.5,,24
5908221354290,ss10309-39-42,0,10.5,,48
5908221358182,ss10309-43-46,0,10.5,,48
5908221360437,ss11380-35-38,0,14.5,,48
5908221360444,ss11380-39-42,3,14.5,,24
5908221360451,ss11380-43-46,0,14.5,,48
4751150453243,150453A-243,0,69,,48
4751150453246,150453A-246,0,69,,48
4751150453245,150453A-245,3,69,,24
4751160120243,160120A-243,0,65,39,24
4751160120244,160120A-244,0,65,39,48
4751160120245,160120A-245,0,65,,48
4751160120246,160120A-246,0,65,,48
4751860714242,860714A-242,0,69,,48
4751860714243,860714A-243,0,69,,48
4751860714244,860714A-244,0,69,,48
4751860714245,860714A-245,0,69,,48
4751860714246,860714A-246,1,69,,48
4751860714444,860714A-444,0,69,,48
4751860714445,860714A-445,0,69,,48
4751860714446,860714A-446,2,69,,24
4751160628543,160628A-543,1,69,,24
4751160628544,160628A-544,0,69,,48
4751160628545,160628A-545,0,69,,48
4751160628546,160628A-546,2,69,,24
3838405052891,694F-2B43,0,179,,48
3838405052907,694F-2B44,0,179,,48
3838405052914,694F-2B45,3,179,,24
3838405052921,694F-2B46,3,179,,24
3838405339671,622F-3K38,3,120,,24
3838405339695,622F-3K40,0,120,,48
3838405339701,622F-3K41,0,120,,48
3838405339688,622F-3K39,3,120,,24
3838405055229,631D-1B37.5,3,130,,24
3838405055236,631D-1B38,3,130,,24
3838405055243,631D-1B39,0,130,,48
3838405055250,631D-1B39.5,3,130,,24
4038247633848,14903N13G-38,0,97,,48
4038247633855,14903N13G-39,3,97,,24
4038247633879,14903N13G-41,0,97,,48
4038280073638,14801tv50tn-38,3,86,,24
4038280073639,14801tv50tn-39,3,86,,24
4038280073640,14801tv50tn-40,0,86,,48
4038280073641,14801tv50tn-41,3,86,,24
4038288736443,11205D15G-43,0,105,,48
4038288650644,11205D15G-44,0,105,,48
4038288064545,11205D15G-45,0,105,,48
4038290244642,11205D15G-42,0,105,,48
4038290244547,11205D15G-47,0,105,,48
8601000011908,14801v51G-41,3,102,,24
8601000011915,14801v51G-42,3,102,,24
8601000011922,14801v51G-43,0,102,,48
8601000011939,14801v51G-44,0,102,,48
8601082797045,14801v51G-45,0,102,,48
4751887877437,13711S49tn-37,3,101,,24
4751887877438,13711S49tn-38,3,101,,24
4751887877439,13711S49tn-39,3,101,,24
4751887877440,13711S49tn-40,3,101,,24
4751887877441,13711S49tn-41,0,101,,48
4751887890137,14717A5tn-37,3,93,,24
4751887890138,14717A5tn-38,3,93,,24
4751887890139,14717A5tn-39,3,93,,24
4751887890140,14717A5tn-40,0,93,,48
4751887890141,14717A5tn-41,0,93,,48
4751887501842,12811N69WT-42,5,135,99,48
4751887501844,12811N69WT-44,3,135,99,48
4751887501845,12811N69WT-45,4,135,99,48
4751887501341,12801 D64WT-41,0,125,,48
4751887501342,12802 D64WT-42,0,125,99,48
4751887501343,12803 D64WT-43,0,125,,48
4751887501444,12804 D64WT-44,0,125,,48
4751887501345,12805 D64WT-45,0,125,,48
4751887506341,11601o77tn-41,3,125,,24
4751887506342,11601o77tn-42,3,125,,24
4751887506343,11601o77tn-43,3,125,,24
4751887506344,11601o77tn-44,3,125,,24
4751887506345,11601o77tn-45,3,125,,24
4030219324389,B09ZK59GQ1,8,29,25,24
5055338415748,B0776XMDTS,0,29,25,24
4046872382222,B0718ZZMBX,0,62,,48
4046872382246,B072BCVY8S,0,62,,48
4046872163333,B0019KH382,0,79,,48
4046872383892,B071DR6J3F,3,62,,24
4046872383915,B072BCVY8G,0,62,,48
4046872162084,B004OU61Q4,3,64.5,,24
4046872162107,B004OUBJES,0,64.5,,48
4046872162114,B004OUEMFQ,3,64.5,,24
4046872162138,B004OU7XOI,0,64.5,,24
5908221350124,ss5613sm,3,19,,24
5908221350131,ss5613LXL,3,19,,24
5908221360512,ss10755/mw,3,22,,24
5908221360567,ss10749/mw,3,19,,24
5908221360550,ss10748/mw,3,19,,24
5908221360581,ss10750/mw,0,19,,48
5908221360574,ss10747/mw,3,19,,24
5908221356089,ss8688XS,3,41.5,,24
5908221356096,ss8688S-M,3,41.5,,24
5908221356102,ss8688L-XL,3,41.5,,24
5908221355327,ss8375-35-38,3,16,,24
5908221355402,ss8375-39-42,0,16,,48
5908221355419,ss8375-43-46,0,16,,48
7630135604915,6049.1,3,16.5,,24
7610465899823,8998.2,0,39,,48
7630135617113,6171.1,3,39,,48
4771999431378,14GLVM810-990SM,3,30.5,,24
4771999431385,14GLVM810-990LXL,3,30.5,,24
7331423013517,2459511615,4,34,,24
7331423015191,2412413115,0,13,,48
7331423015047,2412415113,4,13,,24
661195005791,682023-0217,4,20,,24
5903282603332,STAL/02/35-38,0,14.5,,48
5903282603349,STAL/02/39-42,0,14.5,,48
5903282603356,STAL/02/43-46,4,14.5,,24
8720673186086,21179034,4,41,,24
8720673185126,23940001,4,51,,24
8720673193756,24219001,4,36,,24
8720673084535,21263029,4,31,,24
8720673070385,25268012,4,31,,24
5903282622760,STAL/12/35-38,4,14.5,,24
5903282622777,STAL/12/39-42,0,14.5,,48
5903282622784,STAL/12/43-46,0,14.5,,48
5903282628137,TRE19/03/35-38,0,12.5,,48
5903282628144,TRE19/03/39-42,0,12.5,,48
5903282604933,TRE12/03/35-38,4,19.5,,24
5903282604940,TRE12/03/39-42,4,19.5,,24
5903282604957,TRE12/03/43-46,0,19.5,,48
5903282627956,TRE18/11/35-38,4,11,,24
5903282627963,TRE18/11/39-42,0,11,,24
5903282627970,TRE18/11/43-46,4,11,,24
5908221354221,ss8371S,0,9.5,,24
5908221354238,ss8371M,0,9.5,,24
5908221354245,ss8371L,4,9.5,,24
5908221358502,ss949835-38,4,22,,24
5908221358519,ss949839-42,4,22,,24
5908221358526,ss949843-46,4,22,,24
5908221358663,ss9086,4,208,,24
5908221360055,ss10320,4,14.5,,24
5908221360062,ss10353,4,14.5,,24
5908221360086,ss10343,0,15,,24
5908221358298,ss9485,4,85,,24
5908221360222,ss10509,4,22,,24
5908221349951,ss5503,4,12.5,,24
0021563630404,63040,4,36,,24
0021563115413,11541-013,4,12.5,,24
0021563108002,10800,4,12.5,,24
6959740914836,37C132B-1L,0,79,,24
6959740914837,37C132B-12XL,0,79,,24
6959740914838,37C132B-13XL,0,79,,24
6959740914839,37C132B-14XL,0,79,,24
6959740912835,46C138B-3-M,4,89,,24
6959740912836,46C138B-3L,4,89,,24
6959740912837,46C138B-32XL,4,89,,24
6959740912838,46C138B-33XL,0,89,,48
6959740912839,46C138B-34XL,4,89,,24
6959740919605,38J109B-1M,4,39.5,,24
6959740919606,38J109B-1L,4,39.5,,24
6959740919607,38J109B-1XL,4,39.5,,24
6959740919608,38J109B-12XL,4,39.5,,24
6959740919609,38J109B-13XL,4,39.5,,24
4751887887137,14409 N43tn-37,4,99,,24
4751887887138,14409 N43tn-38,4,99,,24
4751887887139,14409 N43tn-39,4,99,,24
4751887887140,14409 N43tn-40,4,99,,24
4751887887141,14409 N43tn-41,0,99,,48
4751887510637,14411 S18tn-37,4,95,,24
4751887510638,14411 S18tn-38,4,95,,24
4751887510639,14411 S18tn-39,4,95,,24
4751887510640,14411 S18tn-40,4,95,,24
4751887510641,14411 S18tn-41,4,95,,24
4751888308237,44427 V82tn-37,4,85,,24
4751888308238,44427 V82tn-38,0,85,,48
4751888308239,44427 V82tn-39,4,85,,24
4751888308240,44427 V82tn-40,0,85,,48
4751888308241,44427 V82tn-41,4,85,,24
4751887503541,14901 S50tn-41,4,95,,24
4751887503542,14901 S50tn-42,4,95,,24
4751887503543,14901 S50tn-43,4,95,,24
4751887503544,14901 S50tn-44,4,95,,24
4751887503545,14901 S50tn-45,4,95,,24
661195006194,682024-0050,0,20,,48
661195005746,682023-0212,4,20,,24
661195005753,682023-0213,0,20,,48
661195006262,682023-0218,4,20,,24
7613357867146,B08B155LHV,4,69,,48
7613357453288,B07MCD1Q4R,4,139,,24
7613357209885,B0797YY6VL,4,95,,24
6977465865915,CNK2350WS020B,0,175,,24
6927595776100,NH17Z002-P,6,67,,24
6977465862594,CNK2650WS013,1,195,,24
8720673192582,W00908026,0,60,,48
8720673177435,24216001,5,30,,24
6975641889809,CNK2450CF011,4,20,,24
6927595784594,NH21SJ001-1,10,16,,24
6975641885504,NH18F018-Z,12,7.5,,24
6977465862600,CNK2550WS040,5,30,,24
6976507667678,CNK2300DZ024,0,22,,24
8720673192254,24216029,0,30,,24
6976023925177,CNK2300CJ016,7,23,,24
6927595788653,CNK2450CF030,4,23,,24
6927595794548,NH18C400-D,0,145,,24
6976023923081,CNK2300SD014,0,35,,24
6927595714393,CNH22SD006,6,75,,24
6977465863607,CNK2550WS037,0,215,,24
6977465868787,CNK2550WS025G,0,59,,24
6977465868824,CNK2550WS025B,24,49,,24
6977465869609,CNK2550WS019B,8,73,,24
6977465868770,CNK2550WS025,8,80,,24
6977465869630,CNK2550WS019,0,46,,24
6976023926921,CNK2300DZ013,8,49,,24
6927595795194,NH20BB204,10,16,,24
6927595733806,NH18M001-Z,6,25,,24
6976023929410,CNK2450JJ015,8,56,,24
6976507667296,CNK2300SD021HU250R,10,54,,24
6976507667258,CNK2300SD021H250L,10,54,,24
6976507664226,CNK2350WS026,4,75,,24
6927595788325,NH21MSD11,6,59,,24
6976023922992,NH20MSD05,8,35,,24
6975641889021,CNK2300BS015,7,10,,24
6977465868268,CNK2550XB012,8,15,,24
6975641887553,CNH22CJ043,8,10,,24
6976507666954,CNK2300BB013,5,25,,24
6976507667791,CNK2300BB012,6,48,,24
6976023929366,CYY2421ZB010,6,11,,24
6976507662062,CYY2421ZB010w,5,11,,24
6977465869876,CNK2550ZM011,7,18,,24
6927595736739,NH19T011-D,22,14,,24
6976507665438,CNK2450ZM010,0,29,,24
6977465866936,CNK2550ZM015,8,25,,24
6971490127048,FMS-105,5,33,,24
6971490126225,FMSTARX2,5,67,,24
6971490128014,FMPUCSHII,5,60,,24
6942332000782,FMPUP75,5,26,,24
6942332001451,FMPRP8,5,24,,24
6930252043828,B08QVSSJMG,4,80,,24
4250842557798,B0894LQZZ7,4,130,,24